codice;nome;cognome;email;password
001;Nicholas;Lorenzini;lore@mail.it;A001_
002;Jimmy;Sax;;sax@mail.it;A002_
003;Mike;Bongiorno;bongi@mail.it;A003_
004;Elon;Mask;mask@mail.it;A004_
005;Sim;Salabim;salab@mail.it;A005_
006;Liam;Neson;neson@mail.it;A006_
007;Rick;Falso;falso@mail.it;A007_
008;Don;Pier;pier@mail.it;A008_