Codice;Nome ;Cognome E-mail;
UT00001;Tiziano ;Vecellio;tiziano@aruba.it
UT00002;Carlo;Verdone;carloverdone@gmail.it
UT00003;Mario;Rossi;mariorossi@fastweb.it
UT00004;Paolo;Bianchi;paolobianchi@gmail.com
UT00005;Sabrina;Ferilli;sabrina.ferilli@tim.com
UT00006;Federica ;Pellegrini;federica.pellegrini@tim.com
UT00007;Claudia;Gerini;claudia.gerini@gmail.com
UT00008;Luisa;Ranieri;luisa.rabieri@aruba.it
UT00009;Stefania;Sandrelli;stefania.sandrelli@tim.com
